{
    "8000": {
        "lstm": [
            {
                "test_loss": 0.8184388279914856,
                "test_auroc": 0.8204749822616577
            }
        ],
        "multi_channel_lstm": [
            {
                "test_loss": 0.8233572840690613,
                "test_auroc": 0.8261720538139343
            }
        ]
    },
    "16000": {
        "lstm": [
            {
                "test_loss": 0.8782886266708374,
                "test_auroc": 0.8541268706321716
            }
        ],
        "multi_channel_lstm": [
            {
                "test_loss": 0.8488077521324158,
                "test_auroc": 0.8390379548072815
            }
        ]
    }
}